BARRA;INTERNO;FAM;DESCPROD;FABRICANTE;VENCE;SALDO;NETO;COSTO;TOTAL PRODUCTO
8445290696243;005ALIM;ALIM;NIDO LECHE SIN LACTOSA INSTANT TARRO X 1350 GR;NESTLE;30-09-2026;4;19937,5;15950;63800
8470001901200;220DERM;DERMO;ISDIN REPARADOR LABIAL STICK 4G. CON ACIDO HIALURONICO;ISDIN;30-07-2027;4;5448;4540;18160
7804666063644;068DMF;DM;(DM) ALGODÓN HIDRÓFILO PRENSADO ROLLO 1KG X 1 UNID.;BIOMEDIKA SPA;15-12-2025;10;5088,75;4071;40710
8427426005983;080DMF;DM;(DM) INTERPROX PLUS CEPILLO MICRO ISO 2 0,9 MM X 6 UNID.;DENTAID;30-04-2029;1;4700;3760;3760
7800063000312;AERPEDMF;DM;AEROCAMARA UNIVER. PED-AD (mintlab);MINTLAB;31-03-2026;23;1689;1643;37789
7800045001849;046DMF;DM;ALCOHOL 95% X 1000 ML ELITE;ELITE;30-12-2030;6;2735,625;2188,5;13131
3499320004473;191DMF;DM;CETAPHIL PRO AC CREAM FPS30 118ML;GALDERMA;28-02-2027;2;15609;15580,5;31161
7806130014497;077DMF;DM;GASA NO TEJIDA ESTERIL (5X5 X 2UN) CJX50;REUTTER;01-12-2029;9;1154;1108,8;9979,2
7806130008878;2004DMF;DM;GUANTE NITRILO AZUL L X100 U (tresor);REUTTER;30-07-2029;24;2267;2205;52920
7806130008861;2005DMF;DM;GUANTE NITRILO AZUL M X100 U (tresor);REUTTER;30-12-2029;23;2889;2205;50715
7806130008854;2006DMF;DM;GUANTE NITRILO AZUL S X100 U (tresor);REUTTER;30-06-2029;28;2477;2367;66276
7806130008885;2021DMF;DM;GUANTE NITRILO L-P AZUL XL  X100 U (tresor);REUTTER;30-04-2029;1;2798;2281,555556;2281,555556
7806130007826;043DMF;DM;GUANTE VINILO L L-POLVO AZUL X100 U (tresor);REUTTER;30-09-2029;9;1754;1706,6;15359,4
#N/D;2001DMF;DM;GUANTE VINILO TALLA L X100U.;GENERICOS VARIOS;31-07-2029;6;2194,1625;1755,33;10531,98
7804673040133;2003DMF;DM;GUANTE VINILO TALLA S X100U.;GENERICOS VARIOS;30-03-2028;16;1850,3125;1480,25;23684
7804684390005;120DMF;DM;HOKKAIRO DISPLAY BOLSA TERMICA X 100  UNID.(DM);INVERSIONES LA ESPERANZA CHILE LTDA;28-02-2028;2;5606,25;4485;8970
4987067828005;065DMF;DM;HOKKAIRO PARCHE PARA CALCETINES CAJA X 5 PARES [DM];INVERSIONES LA ESPERANZA CHILE LTDA;30-04-2027;1;2900;2690;2690
7805633008927;JER3MLDMF;DM;JER. MUNCARE  L LOCK 3ML 21GX1-1-2;MUNCARE;14-03-2028;6397;42,5;34;217498
7805633008903;JER10MLDMF;DM;JER. MUNCARE  L SLIP 10ML 21GX1-1-2;MUNCARE;30-06-2029;780;63,75;51;39780
7805633008910;JER20MLDMF;DM;JER. MUNCARE  L SLIP 20ML 21GX1-1-2;MUNCARE;18-12-2027;230;78,75;63;14490
7805633008880;JER5MLDMF;DM;JER. MUNCARE  L SLIP 5ML 21GX1-1-2;MUNCARE;17-12-2027;4275;41,25;33;141075
7804918450031;211105500DMF;DM;LIFESTYLES STUDDED ROUGH RIDER X3;PRATER;30-10-2028;148;969;941,1335404;139287,764
7804918450024;211105401DMF;DM;LIFESTYLES VIBRA-RIBBED STIMULA X3;PRATER;30-12-2028;149;1200;1010;150490
7800063111414;111DMF;DM;MASCARILLA 3 PLIEGUES CELESTE X50U CRANBERRY;CRANBERRY;30-06-2027;115;1207,075;965,66;111050,9
95251631114625;20CCRDMF;DM;MASCARILLA X50U 3 PLIEGUES CELESTE;CRANBERRY;30-07-2029;44;1207,0875;965,67;42489,48
7809599501553;238326900DMF;DM;OXIMETRO DE PULSO LOVELIFE;BOEHRINGER ING. VET;30-06-2027;1;11387,5;9110;9110
7702136645003;200GE1100DMF;DM;PARCHE CUREBAND X100;LBF;30-06-2028;200;854;831,04;166208
7800044000102;15GDMF;DM;PASTA LASSAR 30 GR (valma);VALMA;30-10-2026;49;857;804;39396
7804659070437;042DMF;DM;PRESERVATIVO KINDOM X3U ACCION RETARDANTE;DESFAR;30-03-2029;534;450,5;360,4;192453,6
7804659070390;3003DMF;DM;PRESERVATIVO KINGDOM X 3U SUPER ESTRIADO;DESFAR;30-03-2029;527;424;360,4;189930,8
7804659070512;2024DMF;DM;PRESERVATIVO KINGDOM X3 LISO RESISTENTE;DESFAR;30-03-2029;527;434;360,4;189930,8
7804659070406;2022DMF;DM;PRESERVATIVO KINGDOM X3U SUPER GRANULADO;DESFAR;30-03-2029;537;370;360,4;193534,8
780476070144;200267902DMF;DM;PRESERVATIVO SENSORPLUS EXTRA RESISTENTE;HELSELAB;30-07-2029;167;567,1042105;453,6833684;75765,12253
7804676070069;200267906DMF;DM;PRESERVATIVO SENSORPLUS X 3 UN TRES SABORES;HELSELAB;30-05-2028;43;465;453,68;19508,24
7804676070076;200267905DMF;DM;PRESERVATIVO SENSORPLUS X 3UNI ULTRA SENSIBLE;HELSELAB;31-07-2029;95;466;453,68;43099,6
7800038000859;501DMF;DM;REPELEX POST PICADURAS GEL 15ML;SANITAS;30-09-2027;6;1987,5;1590;9540
7809604504012;001DMF;DM;TEST DE EMBARAZO CASSETTE.(esantest);ESANTEST;07-07-2027;1019;290,175;232,14;236550,66
7800060005723;100D08;FAR;AB ANTISEPTICO(AB CLORHEXIDINA) 12 COMP MAST;SAVAL;30-05-2026;95;2703;1990;189050
4104480705199;10G025510R05;FAR;ABRILAR JBE 35MG-5ML 100ML;PHARMA INVESTI;30-09-2026;449;3864;3515,925926;1578650,741
7804673040225;119922418M01;FAR;AC. MEFENAMICO 500MGX10 COMP (curaespring);MDC;30-11-2027;4616;325;304,6634241;1406326,366
7804673040393;1000001ABJ05;FAR;ACICLOVIR 400MGX35 COMP BE (labchile);MDC;31-01-2027;104;1980;1856;193024
7800007155719;000843;FAR;ACICLOVIR 5% CR POMO 15G (labchile);CHILE;31-08-2026;198;579;523;103554
7800026547861;101GA03;FAR;ACOTOL 28 COMP.REC.(RECALCINE);RECALCINE;30-07-2027;1;13213,8;11011,5;11011,5
7793640216100;1007AM01;FAR;ACTRON 600MGX10 CAPS BDAS (bayer);BAYER ;30-06-2026;19;2989;2719;51661
7800026004791;101CA11;FAR;ACUODE 50.000 UI SOL. ORAL CAJA X 2 SOBRES (COLECALCIFEROL);RECALCINE;30-01-2026;1;14100;11750;11750
7800060003651;100DA03;FAR;AERO ITAN 20 CAPS.;SAVAL;30-09-2026;1;8466;7055;7055
7804614931223;100128010M01;FAR;ALGIASOL FTE SUSP 100ML;IPSHA;30-06-2027;30;1737,6;1448;43440
7800063116600;10G041718C08;FAR;AMLODIPINO 5MGX30 COMP BE (mintlab);GENERICOS VARIOS;30-06-2027;98;480;413;40474
7800060111349;000816;FAR;AMOVAL 500 MG/ 5 ML SUSP. ORAL X 100 ML C / SOLV.;SAVAL;30-08-2027;1;15465;12887,5;12887,5
7804673040409;100350J01;FAR;AMOXICILINA 500MGX21 CAP (curaspring);MDC HEALTH SPA;30-09-2027;949;965;890;844610
7800063110547;100GE3418J01;FAR;AMOXICILINA 750MGX10 COMP (mintlab);MINTLAB;30-07-2029;30;1199;1057;31710
7804620833412;100455610J01;FAR;AMOXICILINA JBE 500MG-60ML (opko);OPKO;30-04-2026;1522;1099;1091;1660502
7804620833900;000724;FAR;AMOXICILINA+A.CLAVULANICO [BE] [500+125] MG 20 COMP.REC.(OPKO);OPKO;30-08-2026;1;3837,6;3198;3198
7804620833535;100000002J01;FAR;AMOXICILINA+A.CLAVULANICO [BE] [875+125] MG 14 COM.REC.(OPKO);OPKO;30-10-2026;71;3257;3063;217473
7804900000954;100M01;FAR;ANACIN CLASICO X8 COMP;GSK  OTC;01-01-2027;138;872;727;100326
7804900000947;000252;FAR;ANACIN MAX X32 COMP (gsk);GSK  OTC;28-01-2027;68;3064,8;2554;173672
7804900000930;102M01;FAR;ANACIN MAX X8 COMP;GSK  OTC;28-01-2027;142;973;910;129220
8903726184233;000707;FAR;ANASTROZOL 1 MG X 30 COMP. REC.;GENERICOS VARIOS;30-01-2027;6;5100;0;0
7800018188317;100417118G03;FAR;ANOVULATORIOS X21 COMP (andromaco);ANDROMACO;30-04-2026;6;1102;825;4950
7800060005556;115AN06;FAR;ANTALIN 30 COMP.REC. ;SAVAL;30-12-2029;1;12456;10380;10380
7800068010101;210BN02;FAR;ASAX JBE 10MG-1ML X 60 ML;PASTEUR;30-06-2026;1;6763;6727;6727
7793640216537;100241618B01;FAR;ASPIRINA 100MGX98 COMP (bayer);BAYER OTC;30-07-2027;124;4474;4180;518320
7793640211259;100245618N02;FAR;ASPIRINA 500MGX100 COMP (bayer);BAYER OTC;30-11-2027;67;3685;3485,103534;233501,9368
7793640002543;10G040618N02;FAR;ASPIRINA FORTE 650MGX80 COMP (bayer);BAYER OTC;30-06-2026;78;4198;3661,118644;285567,2542
7793640002543;10G040618N02;FAR;ASPIRINA FORTE 650MGX80 COMP (bayer);BAYER OTC;30-11-2025;39;3400;3661,118644;142783,6271
7800007801548;101AC10;FAR;ATORVASTATINA 10MGX30 COMP BE (labchile);CHILE;30-07-2026;18;610;550;9900
7800007801555;102AC10;FAR;ATORVASTATINA 20MGX30 COMP (labchile);CHILE;30-09-2026;90;462;385;34650
7804650881520;104AC10;FAR;ATORVASTATINA 80MGX30 COMP BE (ascend);ASCEND LABORATORIES SPA;30-12-2026;7;4308;3590;25130
7804640561388;100449510J01;FAR;AZITROMICINA 200MG-5ML SUSP 15ML (hospifarma);HOSPIFARMA;01-10-2025;128;1100;1600;204800
7804681740278;000518;FAR;AZITROMICINA 500MGX6 COMP (alembic);ALEMBIC;28-02-2027;132;918;859;113388
7800063160085;100172723D06;FAR;BACITRACINA+NEOMICINA UNG 15G (mintlab);MINTLAB;30-04-2028;46;899;795;36570
7800028001873;10001C01;FAR;BAGOMIGRAL 2.5MGX10 COM (bago);BAGO;30-10-2026;26;8259;6880;178880
7800068010415;000222;FAR;BALSAMO ANALGESICO UNGUENTO 15 G. ;PASTEUR;30-11-2025;10;1328;1328;13280
7803501004057;1ET505029M09;FAR;BEAUTIP-D 30SATCHET (Ca-COLG-Mg-VITD);ARAMA;30-03-2026;10;8125,44;6771,2;67712
7805750110435;100443423M02;FAR;BEPANTHOL 30g (bayer);BAYER OTC;31-10-2026;64;2785;2607;166848
7793640992677;1000D03;FAR;BEPANTHOL REGENADORA 30g (bayer);BAYER OTC;31-12-2026;5;3392,4;2827;14135
7804673040256;000825;FAR;BETAMETASONA CR 0,05% 15 G (curaespring);MDC;30-10-2027;809;290;250;202250
7891317006396;101CN07;FAR;BETINA 16 MG 30 COMP. [BE];EUROFARMA;30-03-2026;7;11541;10950;76650
7804671180480;100AH11;FAR;BIOTINA+ZINC+Q10  SABOR FRUTOS ROJOS X20 TAB EFERV (german energy);BIOPLUS;31-08-2027;1;1999;1730;1730
3664798040579;100229510R05;FAR;BISOLVON JBE AD 8MG-5ML 125 ML (sanofi);MAVER;30-08-2026;421;2598;1840,229885;774736,7816
3664798040623;100254810R05;FAR;BISOLVON JBE INF 125 ML (sanofi);MAVER;30-06-2026;42;2412;2236;93912
7804673040324;100AC07;FAR;BISOPROLOL 2,5MGX30 COMP (curaespring);CURAESPRING;30-06-2026;96;1347;1290;123840
7804673040331;101AC07;FAR;BISOPROLOL 5MGX30 COMP (curaespring);CURAESPIRNG;30-06-2026;453;2028;1690;765570
7800008020023;10G018623D06;FAR;BLISTEX CR LAB MED 6GR (sybthon);SYNTHON;30-10-2026;1104;1200;1120;1236480
7800038041371;100308110R05;FAR;BRONTAL JBE IF 100ML;SANITAS;30-08-2026;57;3799;3260;185820
7800063330648;100224810R05;FAR;BRONTEC 35MG-5ML 100ML (mintlab);MINTLAB;28-02-2027;640;1519;1419,713865;908616,8739
7800063310862;100001118D08;FAR;BUCOGERM 10 COMP;MINTLAB;30-09-2028;100;1134;945;94500
78046294405500;000749;FAR;BUDESONIDA 200MCG PVO INH X 200 DOSIS;FAES FARMA CHILE;30-10-2027;3;6240;5200;15600
7800007811608;110AN02;FAR;BURTEN SL 30 MG X 4 COMP. SUBL.;CHILE;30-04-2027;8;5781,6;4818;38544
310742006247;100215823M02;FAR;CALORUB FTE POMO 35G (mentholatum);MENTHOLATUM;30-08-2027;39;2766;2643,89;103111,71
310742006230;100181723M02;FAR;CALORUB NVA FORMULA POMO 35G (mentholatum);MENTHOLATUM;31-01-2027;19;2625;2464;46816
7800007187833;101BR03;FAR;CAM 30 COMP. ;CHILE;30-12-2025;1;8502;7085;7085
7800044000126;141100218A07;FAR;CARBON SULFAGUANIDINA X20 COMP (valma);VALMA;28-02-2028;52;1199;1026;53352
7793640992615;1111B01;FAR;CARDIOASPIRINA 100ECX20 COMP (bayer);BAYER OTC;30-08-2026;26;3080;2597;67522
7800018129235;10G052410J01;FAR;CEFADROXILO JBE 250MG-5ML  60ML (andromaco);ANDROMACO;30-04-2026;5;3108;2590;12950
7800038041210;000002;FAR;CEFALMIN X10 COMP (sanitas);SANITAS;30-08-2028;1570;707;639,9012298;1004644,931
7804673040126;1PV021018M01;FAR;CELECOXIB 200MGX10 CAP (curaespring);GENERICOS VARIOS;30-06-2027;633;522;546,7534456;346094,9311
7804900000503;127453418A11;FAR;CENTRUM HOMBRE X30 COMP REC (haleon);GSK  OTC;30-06-2026;101;6747,6;5623;567923
7804900000763;100453318A11;FAR;CENTRUM MINI X30 COMP REC (haleon);GSK  OTC;28-02-2026;16;4460;4220,118367;67521,89388
7804900000817;127453618A11;FAR;CENTRUM MUJER X30 COMP REC (haleon);GSK  OTC;12-02-2027;30;5999;5014,95;150448,5
7804900000824;180A11;FAR;CENTRUM MUJER X60 COMP REC (haleon);GSK  OTC;08-08-2026;15;14999;12775,35484;191630,3226
7804900000770;199453318A11;FAR;CENTRUM MULTIVITAMINICO X30 COMP REC (haleon);GSK  OTC;28-02-2026;4;4645,472727;3871,227273;15484,90909
7804900000831;108AA11;FAR;CENTRUM SILVER X30 COMP REC (haleon);GSK  OTC;30-11-2026;43;7200;6900;296700
7804673040362;101AR06;FAR;CETIRIZINA CLORHIDRATO 10MGX30 COMP (cureaspring);MDC;31-10-2025;559;500;824;460616
7800063115405;001M03;FAR;CICLOBENZAPRINA 10MGX20 COMP (mintlab);MINTLAB;30-12-2029;42;448;435;18270
7800007790309;100MJ01;FAR;CIPROFLOXACINO 500X 6 COMP. REC.(pinnacle);CHILE;30-11-2026;555;406;347;192585
7800007806901;000066;FAR;CITALOPRAM 20MGX30 COMP.(lch);LAB CHILE;30-10-2028;7;1500;1250;8750
737186232993;103BA12;FAR;CITRATO DE MAGNESIO 400MGX90 CAPS (scl);SCL;30-03-2027;1;4951,854545;4126,545455;4126,545455
7804918402054;10G019418D08;FAR;CLARAGINE 16 COMP;PRATER;30-01-2026;348;700;1215;422820
7800018000961;1300S01;FAR;CLARIMIR F SOL OFT X 15 ML;ANDROMACO OTC;31-12-2025;174;2652,3;2210,25;384583,5
7800041040873;100GE3818J01;FAR;CLARITROMICINA 500MGX14 COMP (chemopharma);CHEMOPHARMA;30-07-2026;16;2589;2350;37600
7804620834648;100453115S01;FAR;CLORANFENICOL 0,5%  SOL OFT 10ML;OPKO;28-02-2026;103;605;599,4511931;61743,47289
7804640560107;000270;FAR;CLORANFENICOL UNGÜENTO OFT 1% X3.5G.(hospifarma);HOSPIFARMA;30-12-2025;11;1121,4;934,5;10279,5
7800007128072;000023;FAR;CLORFENAMINA 4MGX20 COMP BE (labchile);CHILE;30-10-2028;400;170,1;141,75;56700
7804673040072;100AA01;FAR;CLORHEXIDINA GLUCONATO COLUTORIO 0,12% (curaespring);MDC;31-10-2027;60;1749;1473;88380
7804673040072;100AA01;FAR;CLORHEXIDINA GLUCONATO COLUTORIO 0,12% (curaespring);MDC;30-12-2025;1;1767,6;1473;1473
7800068030451;1001D01;FAR;CLOTRIMAZOL 1% X 20ML SOL.TOP (pasteur);GENERICOS VARIOS;30-10-2026;40;998,4;832;33280
7804673040263;201D01;FAR;CLOTRIMAZOL CR 20 G (curaespring);MDC;30-04-2026;514;299;270;138780
8906063986652;100302823D01;FAR;CLOTRIMAZOL CR 20 G (curaespring);CURAESPIRNG;31-03-2026;402;324;270;108540
7804673040218;200D01;FAR;CLOTRIMAZOL-BETAMETASONA CR 15 G (curaespring);CURASPRING;31-12-2026;1728;400,8;334;577152
7800018000770;101165818N02;FAR;COLMAX 125MGX10 COMP;ANDROMACO;31-07-2026;10;1124,832;937,6;9376
7794640171758;10037M03;FAR;COREGA SIN SABOR 70GR;GSK PERFUMERIA;28-02-2027;7;9899;8395;58765
7800007313645;NU1245;FAR;CORTIPREX COM 20 MG X 20 (BE);CHILE;30-09-2026;1;4764;3970;3970
7800063130125;1005J01;FAR;COTRIMOXAZOL 200-40MG-5ML SUSP ORAL 100ML;MINTLAB;30-04-2026;20;1299;1136,512195;22730,2439
7800046005556;103BM03;FAR;DESDOL 20 COMP. REC.;EUROFARMA;30-12-2026;2;4188;3490;6980
7800050002954;100DR05;FAR;DEUCOTOS JBE;EUROFARMA;30-10-2026;140;3173,866667;2644,888889;370284,4444
7804620834426;100421218M01;FAR;DICLOFENACO 100MGX 8 CAPS LP (opko);OPKO;30-08-2027;152;396;330;50160
7804673040355;000005;FAR;DICLOFENACO 100MGX8 COM.LP (curaespring);MDC;31-10-2026;6142;398;309,5719043;1901390,636
7804620832170;100215418M01;FAR;DICLOFENACO 50MGX10 COMP.(opko);OPKO;30-06-2027;130;242,4;202;26260
7800057001486;100155023D11;FAR;DICLOTAREN GEL 1,16% 30g (fqp);FARMOQUIMICA;30-03-2027;382;799;786;300252
7800063260013;100206123D11;FAR;DICOGEL GEL TOPICO 1,16% (mintlab);MINTLAB;28-02-2028;186;1119;1080;200880
7800070004341;100AM09;FAR;DINAFLEX-DUO 500-400 MG 60 CAPS. (GLUCOSAMINA + CONDROITINA);TECNOFARMA;30-05-2027;8;14209;14133;113064
7800004509126;100271229A02;FAR;DISFRUTA CLASIC X60 SB (maver);MAVER;22-10-2027;216;3594;3360;725760
7800004509119;100271329A02;FAR;DISFRUTA LIMON X60 SB (maver);MAVER;27-09-2027;80;3348;2790;223200
7804614931421;100146118G04;FAR;DISILDEN 100MGX10 COMP  (iphsa);INTERPHARMA (IPHSA);30-05-2028;407;2809;2517;1024419
7804614931728;100454318G04;FAR;DISILDEN 100MGX20 COMP (iphsa);INTERPHARMA (IPHSA);30-04-2028;55;4860;4050;222750
7804614931438;100252418G04;FAR;DISILDEN 100MGX3 COMP  (iphsa);INTERPHARMA (IPHSA);30-01-2028;145;1299;1013,398693;146942,8105
7804614931445;193144518G04;FAR;DISILDEN 100MGX5 COMP (iphsa);INTERPHARMA (IPHSA);30-04-2028;206;1510;1345,045303;277079,3324
7804614931629;100150318G04;FAR;DISILDEN 50MGX10 COMP  (iphsa);INTERPHARMA (IPHSA);28-02-2028;172;2093;1867;321124
7804614931568;100259718G04;FAR;DISILDEN 50MGX20 COMP  (iphsa);INTERPHARMA (IPHSA);28-02-2028;55;4014;3345;183975
7804614931643;100149918G04;FAR;DISILDEN 50MGX3 COMP  (iphsa);INTERPHARMA (IPHSA);30-04-2028;110;798;665;73150
7804614931469;1000G04;FAR;DISILDEN 50MGX5 COMP  (iphsa);INTERPHARMA (IPHSA);30-01-2028;149;1217;1084;161516
7804918501016;NU1313;FAR;DOLO MERPAL CAP X 20;PRATER;30-06-2026;1;6720;5600;5600
7800004508594;100257723M02;FAR;DOLORUB 5% CR 45G (maver);MAVER;30-01-2026;205;1800;2004;410820
7800004032853;100320726M02;FAR;DOLORUB PARCHE CASPICO (maver);MAVER;30-12-2026;10;1245,6;1038;10380
7800007407627;100000418A03;FAR;DOLOSPAM X15 COMP (labchile);CHILE;30-12-2027;45;1399;1212;54540
7804620832835;100096018A03;FAR;DOMPERIDONA 10 MGX20 COMP BE(opko);OPKO;30-11-2027;146;450;390;56940
7800007175076;1010J1;FAR;DOXICICLINA 100 MG X 10 COMP.(lch);CHILE;30-03-2028;19;2268;1890;35910
7800018178455;100AA12;FAR;ELCAL-D 500-800 60 CAPS. ;ANDROMACO;28-02-2026;3;10639;10510,24167;31530,725
7800018000633;000900;FAR;ELCAL-D CAP 60;ANDROMACO;28-02-2026;1;13620;11350;11350
7804620833047;100274018C09;FAR;ENALAPRIL 10MGX20 COMP;OPKO;30-05-2027;107;271;212;22684
7794640170911;100267529A02;FAR;ENO LIMON;GSK  OTC;30-06-2026;352;4124;3150;1108800
7794640170898;100267629A02;FAR;ENO REGULAR;GSK  OTC;31-07-2026;878;3370;3150;2765700
7804679600034;100256518A07;FAR;ESANCOL 10 COMP;ESAN;30-04-2028;483;1680;1400;676200
7804628610015;000842;FAR;ESCAPEL-2 0.75 MG 2 COMP.;GEDEON RICHTER;30-11-2026;2;7248;6040;12080
7804620834433;100470718N06;FAR;ESCITALOPRAM 10MG 30COMP.(OPKO);OPKO;30-03-2026;367;869,4;724,5;265891,5
8903726193389;1002N06;FAR;ESCITALOPRAM 20 MG X 30 COMP. REC (SEVEN);SEVEN;30-09-2027;1;3924;3270;3270
7804620834303;100412118A02;FAR;ESOMEPRAZOL 20MGX30 COMP.(OPKO);OPKO;28-02-2027;164;1628;1579,297633;259004,8117
7804620836307;100393118A02;FAR;ESOMEPRAZOL 40MGX30 COMP (opko);GENERICOS VARIOS;28-02-2027;5;2394;1995;9975
7800018000329;100405418C03;FAR;ESPIRONOLACTONA 25 MGX20 COMP BE;ANDROMACO;30-01-2026;552;600;608,0769231;335658,4615
7804633500721;1002D01;FAR;ETHONAZOL CREMA TOPICA 1%;ETHON;30-07-2026;65;300;250;16250
7804653720574;1301A11;FAR;ETOVITAE 60 MG X 14 COMP REC;GALENICUM;31-10-2026;7;5316;4430;31010
7800060418073;000542;FAR;EUROCOR-D 2,5-6,25 MG 35 COMP.REC. ;SAVAL;30-10-2027;2;12079,2;10066;20132
7501298222707;1005H03;FAR;EUTIROX 112MCGX50 COMP (merck);MERCK;30-03-2027;1;9999;8829;8829
7501298222653;000058;FAR;EUTIROX 125MCGX50 COMP (merck);MERCK;30-03-2027;1;12234;10195;10195
7800063330341;100081807R01;FAR;FACIMIN 0,05% SP NAS 10ML;MINTLAB;30-01-2027;63;3659;3542,91358;223203,5556
7800030005449;1000C02;FAR;FESEMA LF 100 MCG AER. INH. X 200 DOSIS;ETEX;30-11-2026;1;10879;9980;9980
7804614931865;100387718R01;FAR;FINAGRIP 10 COMP;INTERPHARMA (IPHSA);30-01-2028;87;1187;1079,883505;93949,86495
7800068014703;10G020407R01;FAR;FISIOLIMP 0,9% SOLN NASAL 30ML;PASTEUR;28-02-2027;32;2639;2550;81600
7800018160009;10GE12327D01;FAR;FITTIG DOBLE ACCION PVO TOP X 60 GR;ANDROMACO OTC;30-06-2027;13;3999;3430;44590
7800008020030;100046823D04;FAR;FOILLE UNG 28GR;SYNTHON;30-12-2027;6;1749;1675,8;10054,8
7804650882947;1AA072C10;FAR;FORLIP 10 MG;ASCEND LABORATORIES SPA;30-01-2026;11;3084;2570;28270
7804918402108;100068218C03;FAR;FUROSEMIDA 40 MGX12 COMP;PRATER;30-04-2027;222;292,8;244;54168
7800063370057;100371629R02;FAR;GENIOL DÍA 30XSOBRES;MINTLAB;30-05-2027;3;6852;6150;18450
7804972000227;100270310R01;FAR;GENIOL FLU JBE 100 ML;FARMODENTAL;30-12-2026;1942;2944,848485;2454,040404;4765746,465
3664798040654;100275118A10;FAR;GLAFORNIL XR 1000MG 30COMP;SANOFI AVENTIS DE CHILE S.A.;28-02-2026;18;21230,45624;17692,04686;318456,8435
7800007120410;100070218A10;FAR;GLIBENCLAMIDA 5MG X60 COMP;CHILE;30-08-2025;116;50;509,9463633;59153,77815
7798140258285;1001D05;FAR;GOICOECHEA DIABET-TX 10% CREMA HIDRAT. PIEL EXTRA SECA 250G.;GENOMMA;30-08-2027;1;11328;9440;9440
7800020032110;103C09;FAR;GUTRON 5 MG 10 COMP.;ANDROMACO;30-07-2026;32;13605;12866,57143;411730,2857
7800007120847;101AC03;FAR;HIDROCLOROTIAZIDA 50MGX20 COMP (labchile);CHILE;30-10-2027;63;499;441;27783
7800041043928;200AM01;FAR;IBUPIRAC-LC 400 MG 20 CAPS. BDAS. ;CHEMO;31-12-2026;73;1561;1459,29703;106528,6832
7804620833498;100292510M01;FAR;IBUPROFENO 200MG-5 ML SUSP 100ML;OPKO;28-02-2026;66;1200;1200;79200
7800007771278;180M01;FAR;IBUPROFENO 400MGX20 COMP (labchile);CHILE;30-12-2026;2750;318;300;825000
7804650880028;000004;FAR;IBUPROFENO 600MGX20 COMP (ascend);ASCEND;30-11-2026;2990;438;365;1091350
7804620833863;000007;FAR;IBUPROFENO 600MGX20 COMP (opko);OPKO CHILE S.A.;30-04-2027;3809;437;400,6694526;1526149,945
7800004002146;100391318A07;FAR;IMECOL AD X16 COMP;MAVER;30-04-2027;100;3361,333333;2801,111111;280111,1111
10742206011;100000123R01;FAR;INHALADOR MENTHOLATUM;HOFMANN;30-09-2026;108;2176;2029,71;219208,68
2423011;100R03;FAR;IPRASYNT-HF 20 MCG-DOSIS INH. BUC. 200 DOSIS (IPRATROPIO BR);FAES FARMA CHILE;30-11-2026;12;6672;5560;66720
7795373001220;000906;FAR;IVERCASS 0,6% S.O. 20 ML ;D & M PHARMA;30-04-2026;6;13980;11650;69900
7861073971160;110AR02;FAR;KALMAFTA GEL x20G (andromaco);ANDROMACO;30-09-2025;20;1000;2648,28;52965,6
7460536555345;1300R05;FAR;KALOBA SOLUCION X 20 ML;PHARMA INVESTI;30-04-2026;1;7584;6320;6320
7800063111445;000014;FAR;KETOPROFENO T.U 200MGX10 COMP (mintlab);MINTLAB;30-08-2026;4627;774;708;3275916
7800063111483;000010;FAR;KETOROLACO 10MGX10 COMP (mintlab);MINTLAB;31-10-2026;1325;346,5286004;288,7738337;382625,3296
7800007409249;10G051518N02;FAR;KITADOL 500MG X24 COMP;CHILE;30-11-2026;1304;508;449;585496
7800018163642;1300G03;FAR;LACTAFEM 75 MCG X 28 COMP RECUB;ANDROMACO OTC;31-03-2026;1;9724;9143,5;9143,5
7800007808264;10010A06;FAR;LACTULOSA 66,7% SOL 200ML;CHILE;30-12-2027;524;2700;2500;1310000
7804620835645;102XS01;FAR;LAGRIMAS ARTIF.0.5% X 15ML SOL.OFT.(opko);OPKO;30-03-2026;37;752;703,51;26029,87
7800007804242;150AN03;FAR;LAMOTRIGINA [BE] 100MGX30 COMP DISP;CHILE;30-09-2027;6;4236;3530;21180
7804614931919;000552;FAR;LAMOTRIGINA COMP 100 MG X 30 (ipsha);INTERPHARMA (IPHSA);30-03-2027;48;3729;2926;140448
7804617931926;000551;FAR;LAMOTRIGINA COMP. 50MG X 30.(ipsha);IPSHA;30-05-2028;51;2218,8;1849;94299
7803504000544;100285023M02;FAR;LEFKAFLAM CR 50G;KNOP FITOTERAPEUTICOS;30-09-2026;34;3399;2896,804511;98491,35338
7804673040560;101R06;FAR;LEVOCETIRIZINA 5MGX30 COMP.(CURAESPRING);CURAESPRING;30-06-2026;112;999;899,5;100744
7800063004082;000358;FAR;LEVOFLOXACINO [BE] 500 MG 7 COMP. REC.(mintlab);MINTLAB;30-01-2027;10;1308;1090;10900
7800046005365;000528;FAR;LEVOXIN 750 MG 10 COMP. ;EUROFARMA;30-04-2026;9;8148,75;6790,625;61115,625
7800063110202;119904218A07;FAR;LOPERAMIDA 2MGX6 COMP (mintlab);MINTLAB;30-11-2028;685;269;230;157550
7800063111445;127002118R06;FAR;LORATADINA JBE 5MG-5ML 90ML (mintlab);ANDROMACO;30-10-2025;41;900;850;34850
7800007679895;000018;FAR;LOSARTAN 50MGX30 COMP (labchile);CHILE;30-09-2027;185;576;480;88800
7800038000859;1T0048910R06;FAR;LOTADIN 2,5MG-5ML JBE 120 ML;SANITAS;30-03-2026;3440;1440;1200;4128000
95251631114625;190044018R06;FAR;LOTADIN 5MGX30 COMP;OPKO;28-02-2026;844;1139,88;950;801800
7800044000676;000273;FAR;MANTECA DE CACAO COCO (valma);VALMA;30-07-2027;5;720;600;3000
7800044000690;000274;FAR;MANTECA DE CACAO DAMASCO (valma);VALMA;30-12-2027;3;780;650;1950
7800044000256;000266;FAR;MANTECA DE CACAO NARANJA (valma);VALMA;28-02-2028;55;699;620;34100
7800044000683;000275;FAR;MANTECA DE CACAO PLATANO (valma);VALMA;28-02-2028;9;780;650;5850
7800046004849;100162518R06;FAR;MAREAMIN 100MGX20 COMP;EUROFARMA;30-07-2026;21;2464;2270,792683;47686,64634
7803504005709;1003M02;FAR;MATIKOMP UNG. TOP. 35 G.;KNOP FITOTERAPEUTICOS;31-12-2027;1;4467;3722,5;3722,5
7800063110905;000334;FAR;MEBENDAZOL 100 MG X 6 COMP. MAST.;MINTLAB;28-02-2029;8;550;503;4024
7800046004962;000051;FAR;MEDAZOL 0,75 % GEL TOPICO X 30 G;EUROFARMA;30-01-2027;4;3480;2900;11600
7804673040447;100410N05;FAR;MELATONINA 3MGX30 CAP (curaespring);MDC;31-10-2026;705;909;880,0347082;620424,4693
7803501004422;1010N05;FAR;MELATONINA GTS 3MGX30 ML CIRCALIFE;ARAMA;30-06-2026;231;3847;3190;736890
7800007808264;100082218N05;FAR;MELIPASS 60 CAP;CHILE;30-04-2026;21;2908,8;2424;50904
78037830;000006;FAR;MENTHOLATUM 12 GR (hofmann);MENTHOLATUM;28-02-2027;4622;484;466,5566573;2156424,87
7804918402313;000889;FAR;MERPAL 15 MG-ML GOTAS 20 ML;PRATER;30-07-2026;17;3500;3050;51850
#N/D;000357;FAR;MESIGYNA SOL INY X 1 JER PRE;BAYER;30-08-2027;1;10350;8625;8625
7800044001444;150BN02;FAR;METAMIZOL SOD 300 MG X 20 COMP.(valma);VALMA;28-02-2028;1;514;500;500
7804673040386;104BA10;FAR;METFORMINA 1000MG X30 COMP;CURAESPRING;30-04-2027;107;1908;1590;170130
7804650880226;100323918A10;FAR;METFORMINA 850MGX30 COMP BE(ascend);GENERICOS VARIOS;30-12-2027;366;790;690;252540
7800018000664;000530;FAR;METFORMINA 850MGX60 COMP.(andromaco);LABORATORIOS ANDROMACO S.A.;30-08-2027;6;1968;1640;9840
7800063003122;126820818A03;FAR;METOCLOPRAMIDA 10MGX24COMP (mintlab);MILAB;30-10-2028;19;435;420;7980
7800059006922;000281;FAR;METORENE COM 12,5MGX30 COM (megalabs);PHARMA INVESTI;30-09-2025;1;3840;3200;3200
7800028000357;000001;FAR;MIGRANOL X10 COMP (bago);BAGO;30-10-2026;2727;1128;940;2563380
8437020503211;000532;FAR;MODAVITAE 200 MG X 30 COMP.;GALENICUM;30-06-2026;3;18336;15280;45840
3662042004469;151ES01;FAR;MONOPROST 50 MCG-ML SOL OFT X 30 PIPETAS;THEA;30-09-2026;9;26358;21965;197685
8903726192368;131DR03;FAR;MONTELUKAST [BE] 5MGX30 COMP MAST (hetero);GENERICOS VARIOS;30-03-2027;2;4299;3945;7890
7800060036970;000901;FAR;MOXOF SOL OFT 0,5% X 5 ML;SAVAL;30-04-2027;1;13362;12991;12991
7804918500088;100190114D01;FAR;MUCIVIL 1% SOL TOP 15ML;PRATER;30-04-2027;219;3100;2757,297521;603848,157
7800060009721;2002R05;FAR;MUXOL 30 MG X 20 COMP.;SAVAL;30-01-2028;17;5145;4893,4999;83189,4983
7800018000831;1300M01;FAR;NAPROXENO 550MGX10 COMP REC (andromaco);ANDROMACO;31-01-2027;342;999;939;321138
7800028000852;1201N02;FAR;NASTIZOL COMPOSITUM PEDIATRICO SOL. GTS. ORALES X 15 ML;BAGO;30-05-2026;1;7382,4;6152;6152
7800007794994;100098710R01;FAR;NASTIZOL COMPT JBE 100ML;CHILE;30-06-2026;342;6180;5152,586006;1762184,414
7800028003105;10G022118R01;FAR;NASTIZOL COMPUESTO 120 COMP (6COMP);BAGO FARMA;30-01-2028;20;14868;12390;247800
7800063330563;100921218R01;FAR;NASTIZOL DN 18COMP;MINTLAB;30-10-2026;98;3062,348439;2551,957033;250091,7892
7800041047605;10G021918R01;FAR;NASTUL CPTO 10 COMP;CHEMO;30-04-2027;10;1538;1281,666667;12816,66667
7804620833047;1051N02;FAR;NEFERSIL 125 MG X 10 COMP. REC.;OPKO;30-08-2027;17;2520;2100;35700
7730969300332;1052M02;FAR;NEFERSIL 125MGX10 COMP;PHARMA INVESTI;30-12-2027;98;2255;2207;216286
7804620834051;120CG04;FAR;NEFEX-DUO 30 CAPS.GRAN.LP [BE] (DUTASTERIDA+TAMSULOSINA);OPKO;30-11-2027;35;6959;5500;192500
7800007672964;000907;FAR;NEO-ALERTOP 5 MG 30 COMP.REC.;CHILE;30-03-2026;1;5628;4690;4690
7730698014852;100223918R06;FAR;NEOHYSTICLAR JBE 2,5MG-5ML 90ML;PHARMA INVESTI;30-09-2026;684;3284,683995;2737,236662;1872269,877
7800007122629;100D05;FAR;NEOMICINA 500MG;CHILE;30-08-2026;108;4341;4075,962121;440203,9091
#N/D;000713;FAR;NEOQUIN FORTE 4% CREMA 20 G;0;30-08-2026;1;16430,4;13692;13692
7795373024458;100BR03;FAR;NEUMOCORT PLUS 160-4.5 MCG PVO INH X 150;D & M PHARMA;30-03-2026;1;27192;22660;22660
7501298223803;100366508A11;FAR;NEUROBION DC 10000 SOL INY X 3 JER PRE;PROCTER OTC;30-07-2026;19;14999;13734,91397;260963,3653
7800007142573;100D01;FAR;NISTATINA OVULOS 100.000 UI X 12;CHILE;30-09-2025;6;1000;1870;11220
780004031245;100GE5110R05;FAR;NOSCAPINA 5MG-5ML JBE 100ML (mintlab);MINTLAB;30-11-2026;361;1016,13986;847;305767
7800004500314;10G044018N02;FAR;OBLEA CHINA (maver);MAVER;30-03-2028;5;20199;19114,28571;95571,42857
7891317023157;000543;FAR;OLANZAPINA 10 MG X  30 COMP.REC.(momenta);EUROFARMA;30-08-2026;7;5169,942857;4308,285714;30158
7804673040232;160A02;FAR;OMEPRAZOL 20MGX30 CAPS (curaespring);MDC;30-06-2027;950;576,014697;480,0122475;456011,6351
7804673040249;16003A02;FAR;OMEPRAZOL 20MGX60 CAPS (curaespring);MDC;30-09-2027;260;1116;930;241800
7804625950442;171AA04;FAR;ORALNE 20 MG X 30 CAPS BLANDAS;DEUTSCHE PHARMA;30-06-2027;4;26520;22100;88400
7800068010163;101016307R01;FAR;OXILIN 0,05% SOLN NASAL 15ML (pasteur);PASTEUR;28-02-2026;131;4500;4100;537100
7800063130507;119915810R05;FAR;OXOLAMINA 28MG PED JBE  100ML (mintlab);MINTLAB;30-11-2026;424;907;852;361248
7800063130514;100431510R05;FAR;OXOLAMINA 50MG AD JBE  100ML (mintlab);MINTLAB;30-12-2026;418;1002;960;401280
7803504404106;10G025910R05;FAR;PALTOMIEL JBE AD (knop);KNOP FITOTERAPEUTICOS;30-12-2027;309;1149;1090;336810
7803504404113;10G026010R05;FAR;PALTOMIEL JBE PED (knop);KNOP;30-12-2026;730;1200;1026;748980
7804900000367;120BN02;FAR;PANADOL 160 MG/5ML JBE. PED. 60 ML (PARACETAMOL);GSK  OTC;30-11-2026;1;3876;3230;3230
7804900000305;177236618N02;FAR;PANADOL ADVANCE 500MGX48 COMP (gsk);GSK  OTC;30-11-2026;43;2109;1972;84796
7451079003462;000262;FAR;PANADOL INFANTIL 80MGX20 COMP (gsk);GSK  OTC;31-03-2026;15;1299;1192;17880
7800004005130;000898;FAR;PANCRIT MENTA FRESCA X10 COMP (maver);MAVER;26-03-2026;156;995;832;129792
7800004004423;000899;FAR;PANCRIT MIEL LIMON X10 COMP (maver);MAVER;19-03-2026;146;1000;832;121472
7800007142658;10G012920N02;FAR;PARACETAMOL 125MG INFX6 SUP;CHILE;30-07-2026;832;536;490;407680
7800007124326;100516N02;FAR;PARACETAMOL 500MGX16 COMP BE (labchile);CHILE;30-09-2027;5905;173;162,0050613;956639,8869
7800063111414;10G013218N02;FAR;PARACETAMOL 80MGX100 COMP. (mintlab);MINTLAB;30-09-2026;150;2389;2170;325500
7800007804600;130AN02;FAR;PARACETAMOL+TRAMADOL 325+37,5MGX30 COMP REC (labchile);CHILE;31-12-2027;47;2100;1902;89394
7803504001725;100BN06;FAR;PASSIFLORA TM 50 COMPRIMIDOS;KNOP 1-021;30-06-2028;3;2808;2340;7020
7804651937806;125966410R05;FAR;PECTOX JBE 35MG-5ML 120ML;GENOMMA;28-02-2026;211;1560;1300;274300
7800028002597;000904;FAR;PERFUNGOL PVO DERMICO X 80GR.;BAGO;30-03-2028;67;4100;3540;237180
7800063330556;1001AA03;FAR;PLAZOLIT 5MG-ML 15ML GOTAS;MINTLAB;30-04-2027;37;1389;1269;46953
7800063330563;1002AA03;FAR;PLAZOLIT FORTE 10MG-ML 15ML GOTAS;MINTLAB;30-03-2027;60;1424;1387;83220
7800007803801;100292318H02;FAR;PREDNISONA 20MGX20 COMP (labchile);CHILE;30-09-2027;52;1035;935;48620
7800004005000;11G027518N02;FAR;PREDUAL 125(25X5) COMP (maver);MAVER;05-10-2027;110;7423;7370;810700
7800004004980;100457718N02;FAR;PREDUAL X10 COMP (maver);MAVER;28-11-2027;37;843;770;28490
7804673040423;160000001N03;FAR;PREGABALINA 75MG X30 CAP.(curaespring);ASCEND LABORATORIES SPA;30-11-2026;188;1336;1204;226352
7800004348008;120AC05;FAR;PROCTOGEL CREMA 30 G.(maver);MAVER;15-02-2028;1;6150;5950;5950
7803501004491;1CH403618R02;FAR;PROPOLEO SPRAY MENTA MIEL 30ML;ARAMA;31-08-2027;20;954;795;15900
7800063325262;100235618M01;FAR;PYRIPED 400MG 20 CAP.;MINTLAB;28-02-2026;87;1609;1535;133545
7804651937851;120AA6;FAR;QG5 PSIDIUM GUAJABA 166,6 MG. 4 DISPLAY DE 30 COMP.;GENOMMA;30-06-2026;1;36676,8;30564;30564
8903726208847;125AN05;FAR;QUETIAPINA 100 MG 30 COMP.REC.(SEVENPHARMA);SEVEN PHARMA;31-07-2027;47;2200;1990;93530
8903726308820;100336518N05;FAR;QUETIAPINA 25MGX30 COMP (sevenpharma);HETERO;01-04-2027;37;1231,2;1026;37962
7800007810571;140283318C10;FAR;REDISTATIN 10MG 30 COMP;DR. REDDY´S LABORATORIES CHILE;30-04-2026;70;3000;2500;175000
7800007804877;10G030715S01;FAR;RED-OFF 0,0125% 15ML;CHILE;30-09-2026;101;2999;2572,30243;259802,5454
7800007660282;100BA12;FAR;REHSAL 90 MEQ PVO SOL ORAL LIMON X 4 SACHET;TEVA;30-08-2027;5;9502,666667;7918,888889;39594,44444
7804620836406;000722;FAR;RELANOK 100 MG 20 CAP. [BE] (TRAZODONA HCL);OPKO;30-04-2026;2;8339;7740;15480
7800038046178;1070P03;FAR;REPELEX CREMA PIEL SENSIBLE DE 80 G;SANITAS;30-11-2027;2;2868;2390;4780
7800038046192;100BP03;FAR;REPELEX NF SPRAY 165 ML;SANITAS;30-08-2027;173;1990;1924;332852
7804640561210;100R01;FAR;RINOMASE 50 MCG SPRAY NASAL X200DOSIS;HOSPIFARMA;28-02-2027;38;4268;4215;160170
7800060163812;1001B01;FAR;RIVOXA(B) 15MG 30 COMP;SAVAL;30-11-2025;1;37902;31585;31585
8903726193372;125AC10;FAR;ROSUVASTATINA [ES] 10MGX30 COMP REC (sevenpharma);GENERICOS VARIOS;30-01-2026;262;1500;1890;495180
7804626832835;1T0060406R03;FAR;SALBUTAMOL INH 100 MCG-DOSIS 200DS.(opko);OPKO;30-01-2027;457;1188;990;452430
4987188509067;100052126M02;FAR;SALONPAS X10 PAR (hisamitsu);ANDROMACO;31-07-2027;87;1644;1522;132414
7800007120410;100132600D08;FAR;SANIGERMIN TRICLOSAN 0,3% PAN 90GR;GENERICOS VARIOS;31-01-2026;31;996;830;25730
8901079014009;102AN06;FAR;SERONEX 50 MG X 30 COMP;EXELTIS;30-12-2026;1;18585,6;15488;15488
7800063116419;000251;FAR;SERTRALINA 100MGX30 COMP (mintlab);MILAB;30-06-2026;26;1500;1250;32500
7800007670595;000706;FAR;SERTRALINA 50MGX30 COMP (hetero);CHILE;30-10-2025;103;450;400;41200
7804651931903;154035210A07;FAR;SUEROX ARANDANO POMELO 630ML (genomma);GENOMMA;10-08-2026;112;1814;1389;155568
7804651931934;154429210A07;FAR;SUEROX FRUTILLA-KIWI 630ML;GENOMMA;07-07-2026;479;1814;1378,905198;660495,5898
7804651938094;111111;FAR;SUEROX FRUTOS ROJOS 630ML;GENOMMA;07-07-2026;533;1814;1360;724880
7804651935581;154034910A07;FAR;SUEROX LIMON DE PICA 630ML (genomma);GENOMMA;10-08-2026;508;1814;1350;685800
7804651937806;155164510A07;FAR;SUEROX MANGO-DURAZNO 630ML;GENOMMA;30-12-2026;485;1814;1378,366179;668507,5969
7804651931927;154035510A07;FAR;SUEROX MANZANA 630ML (genomma);GENOMMA;07-07-2026;454;1814;1390;631060
7804651931910;154035310A07;FAR;SUEROX NARANJA 630ML (genomma);GENOMMA;30-09-2026;476;1814;1340;637840
7804671180664;154035010A07;FAR;SUEROX PIÑA 630ML (genomma);GERMAN ENERGY;30-05-2026;478;1814;1350;645300
7861148022285;127239718M01;FAR;SYNDOL SL 30MGX4 COMP (megalabs);PHARMA INVESTI;30-07-2026;5;5420;4700;23500
7800007808325;100CG04;FAR;TAMSULOSINA 0,4 MG X 30 COMP REC;GENERICOS VARIOS;31-10-2027;2;1979;1960;3920
7800004000418;100250318N02;FAR;TAPSIN D-N X18 COMP (maver);MAVER;30-04-2026;67;1247,4;1040;69680
7800004507870;110BN02;FAR;TAPSIN FORTE 20 COMPRIMIDOS RECUBIERTOS (PARACETAMOL+CAFEINA);MAVER;30-11-2027;2;1260;1050;2100
7800063003122;100278810N02;FAR;TAPSIN INF GTS 15ML (maver);MILAB;30-05-2026;60;1680;1400;84000
7800004500901;10G044218R05;FAR;TAPSIN NOCTURNO X600 COMP;MAVER;30-01-2027;30;17353;16218,29;486548,7
7800004500819;000015;FAR;TAPSIN PLUS LIMONADA DIAX30SOBRES 5GR (maver);MAVER;30-06-2026;1032;11760;9801,613468;10115265,1
7800004500826;000011;FAR;TAPSIN PLUS LIMONADA NOCHEX30SOBRES 5GR (maver);MAVER;30-07-2026;1766;11767,45439;9801,330616;17309149,87
7800004000890;167892318N02;FAR;TAPSIN ROJ-CAF X200 COMP (maver);MAVER;30-01-2026;12;6552;5460;65520
7800004369621;10G044118N02;FAR;TAPSIN ROJ-CAF X600 COMP (maver);MAVER;27-08-2027;37;19119;17644,62682;652851,1925
7800060145597;000909;FAR;TELLMI 80 MG X 30 COMP. ;SAVAL;28-02-2027;3;16900;14550;43650
7800007152107;101AA03;FAR;TENSOLIV 2,5 / 5 MG X 30 COMP. REC.;CHILE;30-08-2027;1;9918;8265;8265
7804673040140;101D01;FAR;TERBINAFINA 250MGX30 COMP (curaespring);MDC;30-04-2026;40;2989;2650;106000
7804633500042;100BG03;FAR;TESTOSTERONA 250MG-MLx1 AMP (ethon);ETHON;30-12-2025;47;9800;9800;460600
7800028003730;100403210R05;FAR;TOCEX JBE 60MG-10ML 120ML (bago);BAGO FARMA;30-07-2027;1;3349;3281,914894;3281,914894
7800060144941;1070A11;FAR;TOL 12 FORTE 10.000 SOL. INY. X 3 AMP. 3 ML;SAVAL;31-01-2026;41;4999;4651,5;190711,5
7800007794994;3003CR01;FAR;TRAMADOL 100MG-MLX20ML GTS (labchile);CHILE;30-10-2026;220;1174;1140;250800
7800060407466;000717;FAR;TREX 500 MG X 3 COMP. REC.;SAVAL;31-03-2027;4;9781;9700;38800
780063111513;10G015018A03;FAR;TRIMEBUTINO 100MGX20 COMP;MINTLAB;30-09-2028;990;636;530;524700
7800060015685;10G025610R01;FAR;TRIO VAL  SUSP 100ML (saval);SAVAL OFERTAS;30-07-2026;68;4219;3936;267648
7800060015661;10GE12818R01;FAR;TRIO VAL 10 COMP (saval);SAVAL;30-03-2027;62;2499;2105,12605;130517,8151
7800060110496;10G024618R01;FAR;TRIO VAL D-N X20 COMP (saval);SAVAL;30-08-2028;930;2989;2917,269024;2713060,192
7896009498374;000265;FAR;TUMS ENO 500MGX48 COMP MAST (gsk);GSK;30-03-2027;9;10112,76;8427;75843
7800060147102;129413018C09;FAR;VALAX 160MGX30COMP (saval);SAVAL;30-05-2027;16;6533;5500;88000
7800060147102;129413018C09;FAR;VALAX 160MGX30COMP (saval);SAVAL;30-12-2025;10;5600;5500;55000
8903726193556;11CA04C09;FAR;VALSARTAN 160MGX30 COMP (sevenpharma);SEVEN;30-06-2026;84;3909;3889;326676
7800059002412;1001A11;FAR;VANTUX MAX  CAP 60;ROYAL PHARMA;31-12-2025;3;8800;7500;22500
7801000120445;100272523D02;FAR;VASELINA SOLIDA 24G.(DIFEM);DIFEM PHARMA;30-10-2026;36;921;902,06;32474,16
7800059005840;10G025310A03;FAR;VIADIL COMPUESTO GTS (megalabs);PHARMA INVESTI;30-10-2026;20;2235,238095;1862,698413;37253,96825
7730698014869;100GE2010A03;FAR;VIADIL FORTE GTS (megalabs);MEGALABS;30-10-2026;198;2139;2041,466884;404210,4431
7730698014852;10G025410A03;FAR;VIADIL GTS (megalabs);PHARMA INVESTI;30-09-2026;404;2139;2047,910758;827355,9462
7804614932015;000803;FAR;VIGER TADALAFILO 20MGX4 COMP (iphsa);IPHSA;31-12-2027;64;3600;3000;192000
7804671180664;125GA11;FAR;VITAMINA C 1000mg BERRIES X20 TAB EFERV (german energy);GERMAN ENERGY;31-03-2028;1;1629;1402;1402
7804671180121;1000A11;FAR;VITAMINA C 1000mg+ZINC SABOR NARANJA X20 TAB EFERV (german energy);BIOPLUS;31-01-2028;8;1800;1663;13304
7800004004805;10G030923M02;FAR;VITAPOVIN POM X10G (maver);MAVER;13-02-2027;90;942;785;70650
7800063310824;100260918G04;FAR;ZILFIC 50MG X2 COMP;MINTLAB;31-01-2028;13;552;460;5980
7809591402582;150A01;FAR;ZINCOVIT 5 MG - ML SOL ORAL GOTAS X 30 ML;ITF FARMA;28-02-2029;7;9378;7815;54705
7800060125803;000886;FAR;ZIVAL 5 MG X 40 COMP. REC.;SAVAL;30-04-2026;4;7674;7616;30464
7804650886020;000814;FAR;ZOPICLONA 7,5 MG X 30 COM. REC.(ASCEND);DISTRIVET LIMITADA;30-12-2025;177;708;590;104430
650240036965;PERF350;PER;ASEPXIA BICARBONATO JABON BARRA 100G (genomma);GENOMMA;31-10-2026;6;3500;3250;19500
7798140259428;PERF353;PER;ASEPXIA CARBON TOALLITAS LIMPIEZA FACIAL X 25 UNID.ASEPXIA CARBON TOALLITAS LIMPIEZA FACIAL X 25 UNID.ASEPXIA CARBON TOALLITAS LIMPIEZA FACIAL X 25 UNID.ASEPXIA CARBON TOALLITAS LIMPIEZA FACIAL X 25 UNID.ASEPXIA CARBON TOALLITAS LIMPIEZA FACIAL X 25 UNID.;GENOMMA;30-07-2026;2;4070;3256;6512
650240004643;PERF354;PER;ASEPXIA EXFOLIANTE JABON BARRA 100G (genomma);GENOMMA;30-07-2027;5;4057,5;3246;16230
78056330142;429114400DMF;PER;BUBU TOA HUM C/ACE EM 80X2BUBU TOA HUM C/ACE EM PACK X2;FAMILY SET;30-12-2030;816;1668;1390;1134240
#N/D;PERF011;PER;CAMALEON ANILINA #1 NEGRO;CAMALEON;30-10-2026;1;694,8;579;579
7805633018957;429618500DMF;PER;COTONITOS 200 UNIDX2 F. SET;FAMILY SET;30-05-2028;120;948;790;94800
7800023226103;PERF0045;PER;DEVELLOL CLASSIC CREMA DEPILATORIA 80 ML;FARMOQUIMICA;30-08-2026;1;2811,25;2249;2249
7804902035510;PERF0090;PER;ETIENNE EXPERT ENCRESPADOR PESTAÑAS 1 UNIDAD;DAVIS;30-06-2027;1;3098,4;2582;2582
7804902047797;PERF091;PER;ETIENNE SET RETINOL SERUM + CREMA;DAVIS;30-11-2027;2;8800;8185;16370
7899706194273;PERF0091;PER;GARNIER SERUM GEL VITAMINA C 50 ML;LOREAL;30-12-2027;1;6842,4;5702;5702
8429420268296;PERF121;PER;ISDIN PROTECTOR LABIAL 4G. SPF30 PROTECCION ALTA;ISDIN;30-10-2026;5;5028;4190;20950
8429420268302;PERF122;PER;ISDIN PROTECTOR LABIAL 4G. SPF50+ PROTECCION MUY ALTA;ISDIN;30-04-2027;5;4999,2;4166;20830
3337875696838;PERF084;PER;LA ROCHE P ANTHELIOS INVISIBLE SPRAY ULTRA PROTEC SPF50+ UVB/UVA ADULTO 200ML ;LOREAL VICHY LA ROCHE;30-05-2027;1;18828;15690;15690
3337875650786;PERF0076;PER;LA ROCHE POSAY ANTHELIOS KA+ FPS50+ MUY ALTA PROTECCION 50ML;LOREAL VICHY LA ROCHE;30-01-2027;1;20637,5;16510;16510
4005900528230;PERF778;PER;NIVEA MEN CREMA 75 ML (LATA);BEIERSDORF;31-10-2027;1;3685;2955;2955
3337875660617;PERF0070;PER;NORMADEM PHYTOSOLUTION 50 ML;LOREAL VICHY LA ROCHE;30-01-2026;1;19988,75;15991;15991
7794640170133;PERFD01;PER;PASTA DENTAL SENSODYNE REPARA & PROTEGE;GSK PERFUMERIA;26-02-2026;2;4057;3982,237762;7964,475524
8427426020207;1005DMF;PER;PHB PETIT CEPILLO DENTAL X 1 UNID.;DENTAID;30-01-2030;2;2455,833333;1964,666667;3929,333333
7806550002487;PERF056;PER;PLENITUD APOSITO ADHESIVO MULTI LEVE X 40 UNID;KIMBERLY CLARK;30-03-2027;1;4971;2064;2064
7509552840346;PERF051;PER;REVITALIF AC. HIALURONICO CONTORNO OJOS 15 ML;LOREAL;30-09-2027;2;10202,4;8502;17004
7800044000256;419903400DMF;PER;SEDA DENTAL 2X1 FAMILY SET;VALMA;30-04-2028;30;1152,551942;922,0415532;27661,2466
7804902047292;PERF400;PER;SERUM AC. HIALURONICO 30ML;DAVIS;28-02-2026;1;9075,6;7563;7563
7800004005055;PERF703;PER;VITAPOVIN POMO X20G (maver);MAVER;30-12-2026;15;1699;1420;21300
7509552875577;PERF0092;PER;VOGUE ESSEN CORRECTOR BEIGE X 2.5GR;LOREAL;30-12-2028;2;2178;1815;3630
9300000000910;SUP036;SUP;CITRATO DE MAGNESIO 400MGX30 CAPS (pranalab);PRANALAB;17-03-2027;4;1635;1336;5344
737186233570;108SUP;SUP;CLOROFILA 500 MG X 60 CAPSULAS;SCL;31-10-2027;9;3200;2861,666667;25755
7804671180275;107SUP;SUP;COLAGENO+VITAMINA C X20 TAB EFERV (german energy);BIOPLUS;31-01-2028;2;2900;2680;5360
7803504421820;000268;SUP;EYKOSACOL CAP X 30;KNOP FITOTERAPEUTICOS;30-03-2026;2;4188;4149;8298
7809591400564;000285;SUP;FISIOFER 800 MG-15ML S.O.10 FCOS.BEB. 15 ML (HIERRO);ITF FARMA;30-07-2026;2;17676;17520;35040
737186232962;SUP030;SUP;MELENA DE LEON X60 CAPS (cnp);SCL;31-05-2027;9;4599;3780,125;34021,125
8470006862209;000891;SUP;POTENCIATOR 5 G. SOLUCION ORAL 20 AMPOLLAS BEBIBLES-10 ML ;FAES FARMA CHILE;30-08-2027;4;18572,5;14858;59432
7804673040010;102SUP;SUP;VITAMINA C 1000MGX30 COMP MAST (curaespring);CURASPRING;30-06-2026;214;1685,157423;1348,125938;288498,9507
#N/D;115SUP;SUP;VITAMINA C TAB EFE NARANJA 1000 MG X 20 UND GERMAN ENERGY;GERMAN ENERGY;31-03-2028;8;1628,75;1303;10424
7800006011177;VET12;VET;VET INVECLOR SPRAY SOLU X 250 ML;VETERINARIA DRAG PHARMA;30-04-2028;1;7068;5890;5890
8713184229922;VET119;VET;VT BRAVECTO 1M PERRO 400 MG 20-40 KG X 1 COMP MAST;INTERVET GMBH.;28-02-2026;3;6966;6966;20898
8713184229885;VET13;VET;VT BRAVECTO 1M PERRO 45 MG 2-4,5 KG X 1 COMP MASTST;INTERVET GMBH.;28-02-2026;8;4420;4410,625;35285
8713184148957;VET20;VET;VT BRAVECTO PERRO 1.000MG 20-40 KG X1 COMP MAST;INTERVET GMBH.;31-03-2026;4;27026,04923;22521,70769;90086,83077
8713184148940;VET21;VET;VT BRAVECTO PERRO 1.400MG 40-56 KG X 1 COMP MAST;DISTRIVET LIMITADA;30-09-2025;4;1000;24616,19643;98464,78571
7800006002861;VET2;VET;VT INVERMIC 2% GATO SOL ORAL GOTAS X 10 ML;VETERINARIA DRAG PHARMA;30-01-2027;115;887;840;96600
7800006000249;VET3;VET;VT INVERMIC 2% PERRO SOL ORAL GOTAS X 10 ML;VETERINARIA DRAG PHARMA;30-08-2026;114;871;829;94506
7800006007545;VET82;VET;VT MATIPET POMADA 50 G X 1 POTE;VETERINARIA DRAG PHARMA;30-07-2029;1;6949,2;5791;5791
7809599501553;VET44;VET;VT NEXGARD  3 TABLETAS MASTICABLE 68 MG - 10-25 KG;BOEHRINGER ING. VET;28-02-2027;1;11904;9920;9920
7804650311133;VET7;VET;VT SIMPARICA 10 MG 2,5 - 5 KG X 1 COMP;VETERINARIA ZOETIS;28-02-2027;56;4999;4288;240128
7804650311140;VET8;VET;VT SIMPARICA 20 MG 5,1-10 KG X 1 COMP;VETERINARIA ZOETIS;30-09-2026;9;5100;4574,722222;41172,5
7800006000331;VET10;VET;VT VERMIQUANTREL 50 MG X 1 COMP;VETERINARIA DRAG PHARMA;30-03-2027;7;2199;1900;13300
7800006010149;VET150;VET;VT (RR) OTIBACT GEL OTICO 5 GR X 1 JERINGA;VETERINARIA DRAG PHARMA;01-04-2028;1;7668;6390;6390
